config,sp_mean,sp_std,kd_mean,pw_mean,eu_mean,eu_std,n_cases
avg+add  r5 ds=8 n=20,0.621434,0.182282,0.543315,0.768357,0.724219,0.101832,10
max+add  r5 ds=8 n=20,0.716805,0.116856,0.633443,0.812124,0.724219,0.101832,10
max+add  r5 ds=8 n=30,0.771686,0.125348,0.704330,0.848525,0.724219,0.101832,10
max+add  r5 ds=4 n=20,0.716805,0.116856,0.633443,0.812124,0.724219,0.101832,10
max+add  r5 ds=4 n=40,0.788416,0.121272,0.724480,0.859809,0.724219,0.101832,10
